# ************************************************************
# Sequel Pro SQL dump
# Version 4135
#
# http://www.sequelpro.com/
# http://code.google.com/p/sequel-pro/
#
# Host: 127.0.0.1 (MySQL 5.5.38)
# Database: skeleton
# Generation Time: 2015-05-18 09:24:17 +0000
# ************************************************************


/*!40101 SET @OLD_CHARACTER_SET_CLIENT=@@CHARACTER_SET_CLIENT */;
/*!40101 SET @OLD_CHARACTER_SET_RESULTS=@@CHARACTER_SET_RESULTS */;
/*!40101 SET @OLD_COLLATION_CONNECTION=@@COLLATION_CONNECTION */;
/*!40101 SET NAMES utf8 */;
/*!40014 SET @OLD_FOREIGN_KEY_CHECKS=@@FOREIGN_KEY_CHECKS, FOREIGN_KEY_CHECKS=0 */;
/*!40101 SET @OLD_SQL_MODE=@@SQL_MODE, SQL_MODE='NO_AUTO_VALUE_ON_ZERO' */;
/*!40111 SET @OLD_SQL_NOTES=@@SQL_NOTES, SQL_NOTES=0 */;


# Dump of table admin
# ------------------------------------------------------------

DROP TABLE IF EXISTS `admin`;

CREATE TABLE `admin` (
  `admin_id` int(11) NOT NULL AUTO_INCREMENT,
  `username` varchar(50) DEFAULT '',
  `password` varchar(50) NOT NULL DEFAULT '',
  PRIMARY KEY (`admin_id`)
) ENGINE=MyISAM DEFAULT CHARSET=utf8 COMMENT='utf8_general_ci';

LOCK TABLES `admin` WRITE;
/*!40000 ALTER TABLE `admin` DISABLE KEYS */;

INSERT INTO `admin` (`admin_id`, `username`, `password`)
VALUES
	(1,'admin','21232f297a57a5a743894a0e4a801fc3');

/*!40000 ALTER TABLE `admin` ENABLE KEYS */;
UNLOCK TABLES;


# Dump of table authors
# ------------------------------------------------------------

DROP TABLE IF EXISTS `authors`;

CREATE TABLE `authors` (
  `author_id` int(11) unsigned NOT NULL AUTO_INCREMENT,
  `author_name` varchar(255) DEFAULT NULL,
  PRIMARY KEY (`author_id`)
) ENGINE=InnoDB DEFAULT CHARSET=utf8;

LOCK TABLES `authors` WRITE;
/*!40000 ALTER TABLE `authors` DISABLE KEYS */;

INSERT INTO `authors` (`author_id`, `author_name`)
VALUES
	(1,'Issac Asimov'),
	(2,'Sergei Lukyanenko'),
	(4,'George R.R. Martin');

/*!40000 ALTER TABLE `authors` ENABLE KEYS */;
UNLOCK TABLES;


# Dump of table books
# ------------------------------------------------------------

DROP TABLE IF EXISTS `books`;

CREATE TABLE `books` (
  `book_id` int(11) unsigned NOT NULL AUTO_INCREMENT,
  `book_title` varchar(255) DEFAULT NULL,
  `book_description` text,
  `book_image` varchar(255) DEFAULT NULL,
  `book_pdf` varchar(255) DEFAULT NULL,
  `book_author_id` int(11) DEFAULT NULL,
  `book_status` enum('active','inactive','pending') DEFAULT 'pending',
  `book_created_at` timestamp NULL DEFAULT CURRENT_TIMESTAMP,
  PRIMARY KEY (`book_id`)
) ENGINE=InnoDB DEFAULT CHARSET=utf8;

LOCK TABLES `books` WRITE;
/*!40000 ALTER TABLE `books` DISABLE KEYS */;

INSERT INTO `books` (`book_id`, `book_title`, `book_description`, `book_image`, `book_pdf`, `book_author_id`, `book_status`, `book_created_at`)
VALUES
	(7,'Pebble in the Sky','One moment Joseph Schwartz is a happily retired tailor in Chicago, 1949. The next he\'s a helpless stranger on Earth during the heyday of the first Galactic Empire. Earth, as he soon learns, is a backwater, just a \"pebble in the sky\", despised by all the other 200 million planets of the Empire because its people dare to claim it\'s the original home of man. And Earth is poor, with great areas of radioactivity ruining much of its soil—so poor that everyone is sentenced to death at the age of sixty to conserve resources. Joseph Schwartz is sixty-two. This is the young Isaac Asimov\'s first novel, full of wonders and ideas, the book that launched the novels of the Galactic Empire, culminating in the Foundation series. This is Golden Age SF at its finest.','/media/image/1431792653_rwpwhb.jpg','/media/pdf/1431719966_ly9fgt.pdf',1,'active','2015-05-16 12:40:56'),
	(19,'A Game Of Thrones','Summers span decades. Winter can last a lifetime. And the struggle for the Iron Throne has begun.\n\nAs Warden of the north, Lord Eddard Stark counts it a curse when King Robert bestows on him the office of the Hand. His honour weighs him down at court where a true man does what he will, not what he must … and a dead enemy is a thing of beauty.','/media/image/1431794065_uadewk.jpg','',4,'active','2015-05-16 20:34:32'),
	(24,'Рыцари Сорока Островов. Мальчик и Тьма','`Рыцари Сорока Островов` - роман, с которого началась популярность Сергея Лукьяненко. Штормы и призраки, странные ритуалы, полуигровые правила вполне реальных поединков и войн... Как разобраться в этой кровавой игре, выдуманной злым, чуждым разумом?\n\n`Мальчик и Тьма` - роман, сразу же после выхода прозванный `черной жемчужиной Сергея Лукьяненко`. История поисков. История приключений. История страшных чудес и странных миров. История о том, что истинного врага найти порою не легче, чем истинного друга. Да и как может быть иначе, если за дело берутся Сумрак, Свет и Тьма..','/media/image/1431794723_sgbycx.jpg','',2,'active','2015-05-16 20:47:09'),
	(25,'Лабиринт отражений','Однажды окунувшись в мир виртуальной реальности, ты можешь навсегда остаться в Глубине, в блистательном городе Диптауне, где люди обретают свободу, или, хотя бы видимость свободы. Но если когда-нибудь ты захочешь вырваться из сладкой паутины компьютерных сетей, то тебя выведут из Глубины в реальность профессиональные спасатели — «дайверы», люди, ныряющие из одного мира в другой и не признающие никаких моральных запретов. Виртуальные дуэли и компьютерный секс, порою забавные, а зачастую — жестокие обычаи — это привычный для них способ существования. Добро и зло вновь скрещивают копья в бесконечном и притягательном «Лабиринте отражений». ','/media/image/1431794995_lbf1x6.jpg','',2,'active','2015-05-16 20:49:22'),
	(42,'Лабиринт отражений','Однажды окунувшись в мир виртуальной реальности, ты можешь навсегда остаться в Глубине, в блистательном городе Диптауне, где люди обретают свободу, или, хотя бы видимость свободы. Но если когда-нибудь ты захочешь вырваться из сладкой паутины компьютерных сетей, то тебя выведут из Глубины в реальность профессиональные спасатели — «дайверы», люди, ныряющие из одного мира в другой и не признающие никаких моральных запретов. Виртуальные дуэли и компьютерный секс, порою забавные, а зачастую — жестокие обычаи — это привычный для них способ существования. Добро и зло вновь скрещивают копья в бесконечном и притягательном «Лабиринте отражений». ','/media/image/1431794995_lbf1x6.jpg','',2,'active','2015-05-16 20:49:22'),
	(43,'Лабиринт отражений','Однажды окунувшись в мир виртуальной реальности, ты можешь навсегда остаться в Глубине, в блистательном городе Диптауне, где люди обретают свободу, или, хотя бы видимость свободы. Но если когда-нибудь ты захочешь вырваться из сладкой паутины компьютерных сетей, то тебя выведут из Глубины в реальность профессиональные спасатели — «дайверы», люди, ныряющие из одного мира в другой и не признающие никаких моральных запретов. Виртуальные дуэли и компьютерный секс, порою забавные, а зачастую — жестокие обычаи — это привычный для них способ существования. Добро и зло вновь скрещивают копья в бесконечном и притягательном «Лабиринте отражений». ','/media/image/1431794995_lbf1x6.jpg','',2,'active','2015-05-16 20:49:22'),
	(44,'Лабиринт отражений','Однажды окунувшись в мир виртуальной реальности, ты можешь навсегда остаться в Глубине, в блистательном городе Диптауне, где люди обретают свободу, или, хотя бы видимость свободы. Но если когда-нибудь ты захочешь вырваться из сладкой паутины компьютерных сетей, то тебя выведут из Глубины в реальность профессиональные спасатели — «дайверы», люди, ныряющие из одного мира в другой и не признающие никаких моральных запретов. Виртуальные дуэли и компьютерный секс, порою забавные, а зачастую — жестокие обычаи — это привычный для них способ существования. Добро и зло вновь скрещивают копья в бесконечном и притягательном «Лабиринте отражений». ','/media/image/1431794995_lbf1x6.jpg','',2,'active','2015-05-16 20:49:22'),
	(45,'Лабиринт отражений','Однажды окунувшись в мир виртуальной реальности, ты можешь навсегда остаться в Глубине, в блистательном городе Диптауне, где люди обретают свободу, или, хотя бы видимость свободы. Но если когда-нибудь ты захочешь вырваться из сладкой паутины компьютерных сетей, то тебя выведут из Глубины в реальность профессиональные спасатели — «дайверы», люди, ныряющие из одного мира в другой и не признающие никаких моральных запретов. Виртуальные дуэли и компьютерный секс, порою забавные, а зачастую — жестокие обычаи — это привычный для них способ существования. Добро и зло вновь скрещивают копья в бесконечном и притягательном «Лабиринте отражений». ','/media/image/1431794995_lbf1x6.jpg','',2,'active','2015-05-16 20:49:22'),
	(46,'Лабиринт отражений','Однажды окунувшись в мир виртуальной реальности, ты можешь навсегда остаться в Глубине, в блистательном городе Диптауне, где люди обретают свободу, или, хотя бы видимость свободы. Но если когда-нибудь ты захочешь вырваться из сладкой паутины компьютерных сетей, то тебя выведут из Глубины в реальность профессиональные спасатели — «дайверы», люди, ныряющие из одного мира в другой и не признающие никаких моральных запретов. Виртуальные дуэли и компьютерный секс, порою забавные, а зачастую — жестокие обычаи — это привычный для них способ существования. Добро и зло вновь скрещивают копья в бесконечном и притягательном «Лабиринте отражений». ','/media/image/1431794995_lbf1x6.jpg','',2,'active','2015-05-16 20:49:22'),
	(47,'Лабиринт отражений','Однажды окунувшись в мир виртуальной реальности, ты можешь навсегда остаться в Глубине, в блистательном городе Диптауне, где люди обретают свободу, или, хотя бы видимость свободы. Но если когда-нибудь ты захочешь вырваться из сладкой паутины компьютерных сетей, то тебя выведут из Глубины в реальность профессиональные спасатели — «дайверы», люди, ныряющие из одного мира в другой и не признающие никаких моральных запретов. Виртуальные дуэли и компьютерный секс, порою забавные, а зачастую — жестокие обычаи — это привычный для них способ существования. Добро и зло вновь скрещивают копья в бесконечном и притягательном «Лабиринте отражений». ','/media/image/1431794995_lbf1x6.jpg','',2,'active','2015-05-16 20:49:22'),
	(48,'Лабиринт отражений','Однажды окунувшись в мир виртуальной реальности, ты можешь навсегда остаться в Глубине, в блистательном городе Диптауне, где люди обретают свободу, или, хотя бы видимость свободы. Но если когда-нибудь ты захочешь вырваться из сладкой паутины компьютерных сетей, то тебя выведут из Глубины в реальность профессиональные спасатели — «дайверы», люди, ныряющие из одного мира в другой и не признающие никаких моральных запретов. Виртуальные дуэли и компьютерный секс, порою забавные, а зачастую — жестокие обычаи — это привычный для них способ существования. Добро и зло вновь скрещивают копья в бесконечном и притягательном «Лабиринте отражений». ','/media/image/1431794995_lbf1x6.jpg','',2,'active','2015-05-16 20:49:22'),
	(49,'Лабиринт отражений','Однажды окунувшись в мир виртуальной реальности, ты можешь навсегда остаться в Глубине, в блистательном городе Диптауне, где люди обретают свободу, или, хотя бы видимость свободы. Но если когда-нибудь ты захочешь вырваться из сладкой паутины компьютерных сетей, то тебя выведут из Глубины в реальность профессиональные спасатели — «дайверы», люди, ныряющие из одного мира в другой и не признающие никаких моральных запретов. Виртуальные дуэли и компьютерный секс, порою забавные, а зачастую — жестокие обычаи — это привычный для них способ существования. Добро и зло вновь скрещивают копья в бесконечном и притягательном «Лабиринте отражений». ','/media/image/1431794995_lbf1x6.jpg','',2,'active','2015-05-16 20:49:22'),
	(50,'Лабиринт отражений','Однажды окунувшись в мир виртуальной реальности, ты можешь навсегда остаться в Глубине, в блистательном городе Диптауне, где люди обретают свободу, или, хотя бы видимость свободы. Но если когда-нибудь ты захочешь вырваться из сладкой паутины компьютерных сетей, то тебя выведут из Глубины в реальность профессиональные спасатели — «дайверы», люди, ныряющие из одного мира в другой и не признающие никаких моральных запретов. Виртуальные дуэли и компьютерный секс, порою забавные, а зачастую — жестокие обычаи — это привычный для них способ существования. Добро и зло вновь скрещивают копья в бесконечном и притягательном «Лабиринте отражений». ','/media/image/1431794995_lbf1x6.jpg','',2,'active','2015-05-16 20:49:22'),
	(51,'Лабиринт отражений','Однажды окунувшись в мир виртуальной реальности, ты можешь навсегда остаться в Глубине, в блистательном городе Диптауне, где люди обретают свободу, или, хотя бы видимость свободы. Но если когда-нибудь ты захочешь вырваться из сладкой паутины компьютерных сетей, то тебя выведут из Глубины в реальность профессиональные спасатели — «дайверы», люди, ныряющие из одного мира в другой и не признающие никаких моральных запретов. Виртуальные дуэли и компьютерный секс, порою забавные, а зачастую — жестокие обычаи — это привычный для них способ существования. Добро и зло вновь скрещивают копья в бесконечном и притягательном «Лабиринте отражений». ','/media/image/1431794995_lbf1x6.jpg','',2,'active','2015-05-16 20:49:22'),
	(52,'Лабиринт отраженийa','Однажды окунувшись в мир виртуальной реальности, ты можешь навсегда остаться в Глубине, в блистательном городе Диптауне, где люди обретают свободу, или, хотя бы видимость свободы. Но если когда-нибудь ты захочешь вырваться из сладкой паутины компьютерных сетей, то тебя выведут из Глубины в реальность профессиональные спасатели — «дайверы», люди, ныряющие из одного мира в другой и не признающие никаких моральных запретов. Виртуальные дуэли и компьютерный секс, порою забавные, а зачастую — жестокие обычаи — это привычный для них способ существования. Добро и зло вновь скрещивают копья в бесконечном и притягательном «Лабиринте отражений». ','/media/image/1431794995_lbf1x6.jpg','',2,'active','2015-05-16 20:49:22'),
	(53,'Лабиринт отражений','Однажды окунувшись в мир виртуальной реальности, ты можешь навсегда остаться в Глубине, в блистательном городе Диптауне, где люди обретают свободу, или, хотя бы видимость свободы. Но если когда-нибудь ты захочешь вырваться из сладкой паутины компьютерных сетей, то тебя выведут из Глубины в реальность профессиональные спасатели — «дайверы», люди, ныряющие из одного мира в другой и не признающие никаких моральных запретов. Виртуальные дуэли и компьютерный секс, порою забавные, а зачастую — жестокие обычаи — это привычный для них способ существования. Добро и зло вновь скрещивают копья в бесконечном и притягательном «Лабиринте отражений». ','/media/image/1431794995_lbf1x6.jpg','',2,'active','2015-05-16 20:49:22'),
	(54,'Лабиринт отражений','Однажды окунувшись в мир виртуальной реальности, ты можешь навсегда остаться в Глубине, в блистательном городе Диптауне, где люди обретают свободу, или, хотя бы видимость свободы. Но если когда-нибудь ты захочешь вырваться из сладкой паутины компьютерных сетей, то тебя выведут из Глубины в реальность профессиональные спасатели — «дайверы», люди, ныряющие из одного мира в другой и не признающие никаких моральных запретов. Виртуальные дуэли и компьютерный секс, порою забавные, а зачастую — жестокие обычаи — это привычный для них способ существования. Добро и зло вновь скрещивают копья в бесконечном и притягательном «Лабиринте отражений». ','/media/image/1431794995_lbf1x6.jpg','',2,'active','2015-05-16 20:49:22'),
	(55,'Лабиринт отражений','Однажды окунувшись в мир виртуальной реальности, ты можешь навсегда остаться в Глубине, в блистательном городе Диптауне, где люди обретают свободу, или, хотя бы видимость свободы. Но если когда-нибудь ты захочешь вырваться из сладкой паутины компьютерных сетей, то тебя выведут из Глубины в реальность профессиональные спасатели — «дайверы», люди, ныряющие из одного мира в другой и не признающие никаких моральных запретов. Виртуальные дуэли и компьютерный секс, порою забавные, а зачастую — жестокие обычаи — это привычный для них способ существования. Добро и зло вновь скрещивают копья в бесконечном и притягательном «Лабиринте отражений». ','/media/image/1431794995_lbf1x6.jpg','',2,'active','2015-05-16 20:49:22'),
	(56,'Лабиринт отражений','Однажды окунувшись в мир виртуальной реальности, ты можешь навсегда остаться в Глубине, в блистательном городе Диптауне, где люди обретают свободу, или, хотя бы видимость свободы. Но если когда-нибудь ты захочешь вырваться из сладкой паутины компьютерных сетей, то тебя выведут из Глубины в реальность профессиональные спасатели — «дайверы», люди, ныряющие из одного мира в другой и не признающие никаких моральных запретов. Виртуальные дуэли и компьютерный секс, порою забавные, а зачастую — жестокие обычаи — это привычный для них способ существования. Добро и зло вновь скрещивают копья в бесконечном и притягательном «Лабиринте отражений». ','/media/image/1431794995_lbf1x6.jpg','',2,'active','2015-05-16 20:49:22'),
	(57,'Лабиринт отражений','Однажды окунувшись в мир виртуальной реальности, ты можешь навсегда остаться в Глубине, в блистательном городе Диптауне, где люди обретают свободу, или, хотя бы видимость свободы. Но если когда-нибудь ты захочешь вырваться из сладкой паутины компьютерных сетей, то тебя выведут из Глубины в реальность профессиональные спасатели — «дайверы», люди, ныряющие из одного мира в другой и не признающие никаких моральных запретов. Виртуальные дуэли и компьютерный секс, порою забавные, а зачастую — жестокие обычаи — это привычный для них способ существования. Добро и зло вновь скрещивают копья в бесконечном и притягательном «Лабиринте отражений». ','/media/image/1431794995_lbf1x6.jpg','',2,'active','2015-05-16 20:49:22'),
	(58,'Лабиринт отражений','Однажды окунувшись в мир виртуальной реальности, ты можешь навсегда остаться в Глубине, в блистательном городе Диптауне, где люди обретают свободу, или, хотя бы видимость свободы. Но если когда-нибудь ты захочешь вырваться из сладкой паутины компьютерных сетей, то тебя выведут из Глубины в реальность профессиональные спасатели — «дайверы», люди, ныряющие из одного мира в другой и не признающие никаких моральных запретов. Виртуальные дуэли и компьютерный секс, порою забавные, а зачастую — жестокие обычаи — это привычный для них способ существования. Добро и зло вновь скрещивают копья в бесконечном и притягательном «Лабиринте отражений». ','/media/image/1431794995_lbf1x6.jpg','',2,'active','2015-05-16 20:49:22'),
	(59,'Лабиринт отражений','Однажды окунувшись в мир виртуальной реальности, ты можешь навсегда остаться в Глубине, в блистательном городе Диптауне, где люди обретают свободу, или, хотя бы видимость свободы. Но если когда-нибудь ты захочешь вырваться из сладкой паутины компьютерных сетей, то тебя выведут из Глубины в реальность профессиональные спасатели — «дайверы», люди, ныряющие из одного мира в другой и не признающие никаких моральных запретов. Виртуальные дуэли и компьютерный секс, порою забавные, а зачастую — жестокие обычаи — это привычный для них способ существования. Добро и зло вновь скрещивают копья в бесконечном и притягательном «Лабиринте отражений». ','/media/image/1431794995_lbf1x6.jpg','',2,'active','2015-05-16 20:49:22'),
	(60,'Лабиринт отражений','Однажды окунувшись в мир виртуальной реальности, ты можешь навсегда остаться в Глубине, в блистательном городе Диптауне, где люди обретают свободу, или, хотя бы видимость свободы. Но если когда-нибудь ты захочешь вырваться из сладкой паутины компьютерных сетей, то тебя выведут из Глубины в реальность профессиональные спасатели — «дайверы», люди, ныряющие из одного мира в другой и не признающие никаких моральных запретов. Виртуальные дуэли и компьютерный секс, порою забавные, а зачастую — жестокие обычаи — это привычный для них способ существования. Добро и зло вновь скрещивают копья в бесконечном и притягательном «Лабиринте отражений». ','/media/image/1431794995_lbf1x6.jpg','',2,'active','2015-05-16 20:49:22');

/*!40000 ALTER TABLE `books` ENABLE KEYS */;
UNLOCK TABLES;


# Dump of table genres
# ------------------------------------------------------------

DROP TABLE IF EXISTS `genres`;

CREATE TABLE `genres` (
  `genre_id` int(11) unsigned NOT NULL AUTO_INCREMENT,
  `genre_name` varchar(255) DEFAULT NULL,
  PRIMARY KEY (`genre_id`)
) ENGINE=InnoDB DEFAULT CHARSET=utf8;

LOCK TABLES `genres` WRITE;
/*!40000 ALTER TABLE `genres` DISABLE KEYS */;

INSERT INTO `genres` (`genre_id`, `genre_name`)
VALUES
	(1,'History'),
	(2,'Fantesy'),
	(3,'Romance'),
	(4,'Drama'),
	(5,'Fiction');

/*!40000 ALTER TABLE `genres` ENABLE KEYS */;
UNLOCK TABLES;


# Dump of table rel_book_genre
# ------------------------------------------------------------

DROP TABLE IF EXISTS `rel_book_genre`;

CREATE TABLE `rel_book_genre` (
  `rbg_id` int(11) unsigned NOT NULL AUTO_INCREMENT,
  `rbg_book_id` int(11) DEFAULT NULL,
  `rbg_genre_id` int(11) DEFAULT NULL,
  PRIMARY KEY (`rbg_id`),
  UNIQUE KEY `unique_relation` (`rbg_book_id`,`rbg_genre_id`)
) ENGINE=MyISAM DEFAULT CHARSET=utf8;

LOCK TABLES `rel_book_genre` WRITE;
/*!40000 ALTER TABLE `rel_book_genre` DISABLE KEYS */;

INSERT INTO `rel_book_genre` (`rbg_id`, `rbg_book_id`, `rbg_genre_id`)
VALUES
	(1,7,1),
	(2,7,2),
	(3,19,2),
	(4,19,5),
	(7,25,2),
	(6,24,2),
	(8,42,2),
	(9,43,2),
	(10,44,2),
	(11,45,2),
	(12,46,2),
	(13,47,2),
	(14,48,2),
	(15,49,2),
	(16,50,2),
	(17,52,2);

/*!40000 ALTER TABLE `rel_book_genre` ENABLE KEYS */;
UNLOCK TABLES;



/*!40111 SET SQL_NOTES=@OLD_SQL_NOTES */;
/*!40101 SET SQL_MODE=@OLD_SQL_MODE */;
/*!40014 SET FOREIGN_KEY_CHECKS=@OLD_FOREIGN_KEY_CHECKS */;
/*!40101 SET CHARACTER_SET_CLIENT=@OLD_CHARACTER_SET_CLIENT */;
/*!40101 SET CHARACTER_SET_RESULTS=@OLD_CHARACTER_SET_RESULTS */;
/*!40101 SET COLLATION_CONNECTION=@OLD_COLLATION_CONNECTION */;
